{
  "obsidian-completr:completr-insert-selected-suggestion": [
    {
      "modifiers": [
        "Mod"
      ],
      "key": "J"
    }
  ],
  "editor:open-search": [
    {
      "modifiers": [
        "Mod",
        "Shift"
      ],
      "key": "F"
    }
  ],
  "global-search:open": [],
  "workspace:next-tab": [
    {
      "modifiers": [
        "Alt"
      ],
      "key": "L"
    }
  ],
  "workspace:previous-tab": [
    {
      "modifiers": [
        "Alt"
      ],
      "key": "H"
    }
  ],
  "obsidian-completr:completr-fake-enter": [],
  "app:go-back": [],
  "tag-pane:open": [
    {
      "modifiers": [
        "Mod"
      ],
      "key": "T"
    }
  ],
  "workspace:new-tab": [],
  "editor:open-search-replace": [],
  "switcher:open": [],
  "obsidian-emoji-toolbar:emoji-picker:open-picker": [
    {
      "modifiers": [
        "Mod"
      ],
      "key": "E"
    }
  ],
  "markdown:toggle-preview": [],
  "obsidian-admonition:insert-admonition": [
    {
      "modifiers": [
        "Mod"
      ],
      "key": "Q"
    }
  ],
  "omnisearch:show-modal-infile": [
    {
      "modifiers": [
        "Mod"
      ],
      "key": "F"
    }
  ],
  "editor:toggle-checklist-status": [],
  "obsidian-completr:completr-bypass-tab-key": [],
  "editor:delete-paragraph": [],
  "editor:toggle-italics": [],
  "workspace:close": [],
  "omnisearch:show-modal": [
    {
      "modifiers": [
        "Mod"
      ],
      "key": "W"
    }
  ],
  "obsidian-completr:completr-select-previous-suggestion": [],
  "obsidian-completr:completr-select-next-suggestion": [],
  "obsidian-completr:completr-fake-tab": []
}